policy,num_episodes,mean_reward,std_reward,mean_final_cognitive_metric,std_final_cognitive_metric,mean_cognitive_metric_change,std_cognitive_metric_change,mean_episode_length,std_episode_length,early_termination_rate,constraint_violations,out_of_bounds_events
PPO,100,18.036955566642852,19.247361393677068,1.1777367015299387,1.5273543049018397,0.8158766955137253,0.8156084041577093,18.74,6.335013812139638,0.29,6,24
SAC,100,26.405072098123338,17.424829154833727,1.5184403491020202,1.4664246006700727,1.1565803483128547,0.7741241773827974,19.9,4.8836461788299115,0.21,0,22
A2C,100,15.593015843912662,19.454388654444607,1.047596587687731,1.554132938874627,0.6857365843653679,0.8570229058538854,18.73,6.223913559811062,0.29,0,31
NoMed,100,-11.315290891433994,19.187462785991986,-0.12332037968561053,1.3323134964280008,-0.4851803836226463,0.8183960775908176,20.32,4.37693957006491,0.19,0,20
