policy,num_episodes,mean_reward,std_reward,mean_final_cognitive_metric,std_final_cognitive_metric,mean_cognitive_metric_change,std_cognitive_metric_change,mean_episode_length,std_episode_length,early_termination_rate,constraint_violations,out_of_bounds_events
PPO,500,10.506409034461656,15.7876029690627,0.8755565212639048,1.3363290464128839,0.5294645204059779,0.6244343974352923,16.8,7.715957490810845,0.384,89,112
SAC,500,22.998367050430783,18.523247699020416,1.3509774186569266,1.44826449568988,1.0048854157328606,0.8119547724200692,19.594,5.420070479246557,0.216,0,114
A2C,500,12.553196667399428,17.745089189721167,0.9038669136278331,1.4601014444402114,0.5577749126143754,0.7677853167470035,18.118,6.764028089829314,0.334,9,162
Clinician,500,-11.723825194465892,19.589268464840494,-0.1543753913299879,1.3055213538085528,-0.5004673897847534,0.8390420643660064,19.64,5.235876239943034,0.24,0,127
No Medication,500,-14.567596852740305,21.234189870049626,-0.28012910540401936,1.3714439018704865,-0.6262211097627878,0.9233804113800571,19.736,5.137149404095622,0.226,0,117
