policy,num_episodes,mean_reward,std_reward,mean_final_cognitive_metric,std_final_cognitive_metric,mean_cognitive_metric_change,std_cognitive_metric_change,mean_episode_length,std_episode_length,early_termination_rate,constraint_violations,out_of_bounds_events
PPO,500,15.435530481596972,17.393401515815018,1.0540194537574425,1.4331180419182308,0.7079274515248835,0.7257667742659101,17.904,7.066454839592481,0.324,43,128
SAC,500,23.175317380754887,18.316151275927776,1.3590728637482972,1.4436124474439134,1.0129808624833823,0.8027824921099468,19.544,5.473578719631243,0.218,0,114
A2C,500,12.380246708680732,17.73770313280319,0.895484880246222,1.4575904842444734,0.5493928795829416,0.764918372450535,18.044,6.8230538617249685,0.336,9,162
Clinician,500,-11.881536828462266,19.95940711450251,-0.16187232761550693,1.3161931399146038,-0.5079643274322152,0.8589607077857474,19.76,5.115310352266029,0.23,0,120
No Medication,500,-14.567596852740305,21.234189870049626,-0.28012910540401936,1.3714439018704865,-0.6262211097627878,0.9233804113800571,19.736,5.137149404095622,0.226,0,117
