policy,num_episodes,mean_reward,std_reward,mean_final_cognitive_metric,std_final_cognitive_metric,mean_cognitive_metric_change,std_cognitive_metric_change,mean_episode_length,std_episode_length,early_termination_rate,constraint_violations,out_of_bounds_events
PPO,100,14.018995463124627,17.151617794499128,1.0435194659419358,1.4005786857080127,0.6816594648361206,0.6711929673097919,17.16,7.658616062971167,0.35,18,17
SAC,100,26.26008211277474,17.53651389455749,1.5121186689659953,1.4692573847517008,1.1502586691826582,0.7785017752156189,19.9,4.859012245302536,0.21,0,22
A2C,100,15.63009556928909,19.456705622072516,1.0502045446634292,1.5555727455868764,0.6883445407450199,0.8612354009744866,18.78,6.173459321968518,0.29,0,31
NoMed,100,-11.315290891433994,19.187462785991986,-0.12332037968561053,1.3323134964280008,-0.4851803836226463,0.8183960775908176,20.32,4.37693957006491,0.19,0,20
